Dia	Dia semana	Local	Link	Titulo	Tipo	Inicio	Fim	Palestrantes	Resumo
2022-08-01	segunda-feira	Zoom	https://zoom.us	Abertura	Plenária	8:30	9:00	Paolo Piccione (USP);Valéria Neves Domingos Cavalcanti (UEM);Lilian Akemi Kato (UEM);Marcelo Escudeiro Hernandes (UEM)	Abertura do evento.
				Sistemas dinâmicos e combinatória	Plenária	9:00	10:00	Alexandre Tavares Baraviera (IME - UFRGS)	A combinatória é um ramo da matemática que procura obter de forma explícita o tamanho de certos conjuntos finitos. Para executar essa tarefa, geralmente bem difícil, é preciso lançar mão de várias técnicas distintas, dentre elas a recursividade, na qual a estimativa para um conjunto é obtida em função da estimativa para um conjunto menor, geralmente mais simples de se calcular.       Nessa palestra pretendo ilustrar o uso dessa técnica (que na verdade pode ser vista como uma aplicação do sistema dinâmico definido pela função recursiva) em alguns casos bem clássicos, como a Torre de Hanói e a fórmula para os números de Fibonacci, bem como em situações cujo estudo é mais recente como a contagem de configurações em árvores.
				Exposição Matemativa	Atividade Cultural	13:30	14:30	Eduardo Amorim Neves (UEM)	Uma forma diferente de experimentar a Matemática, interagindo com seus conceitos de forma a contribuir com o desenvolvimento de sua sensibilidade e aptidão científicas. Esse é o objetivo do projeto.
				Homenagem ao Professor Luiz Adauto da Justa Medeiros (in memorian)	Atividade Cultural	16:30	18:00	Cícero Lopes Frota (UEM)	Homenagem ao Professor Luiz Adauto da Justa Medeiros (in memorian)
		Meet EDP-DSD	https://meet.google.com/hqp-vnhe-nsv	Nonlinear Schrödinger equations with the third order dispersion on modulation spaces	Sessão Temática; EDP-DSD	15:00	15:30	Mahendra Panthee (UNICAMP)	We consider the initial value problems (IVPs) associated to the extended nonlinear Schr\"odinger (e-NLS) equation and the higher order nonlinear Schr\"odinger (h-NLS) equation for given data in the modulation space $M_s^{2,p}(R)$. We derive a trilinear estimate for functions with negative Sobolev regularity and use it in the contraction mapping principle to prove that the IVPs associated to the e-NLS equation and the h-NLS equation are locally well-posed for $s>-\frac14$ and $s\geq\frac14$ respectively.
			https://meet.google.com/hqp-vnhe-nsv	Control results for the Schrödinger-type equations 	Sessão Temática; EDP-DSD	15:30	16:00	Roberto Capristrano (UFPE)	In this talk we will give details of the recent advances of the Control Theory for the Schrödinger-type equation posed in different domains. Precisely, we describe the old and new results for these equations in bounded domains, periodic domains, star-graph structure and Manifolds using different tools.
			https://meet.google.com/hqp-vnhe-nsv	Properties of solutions to the fifth-order KdV-BBM equation	Sessão Temática; EDP-DSD	16:00	16:30	Xavier Carvajal (UFRJ)	We study some properties of the fifth-order KdV-BBM model, we consider the propagation of regularities and evolution of radius of analyticity of the solutions, also the well-posedness, ill-posedness and norm-inflation in the periodic case and the well-posedness, ill-posedness in the real case.
		Meet Otimização	https://meet.google.com/tan-howk-yrm	Um modelo de otimização visando a minimização dos custos no acionamento de bombas em um sistema de distribuição e captação de água	Sessão Temática;Otimização	15:00	15:30	Maristela Oliveira dos Santos (ICMC-USP)	O problema descrito nesta palestra tem como foco a redução dos custos de energia elétrica para a operação de bombas hidráulicas, que são utilizadas para captação e distribuição de água em sistemas de abastecimento de água. Como as tarifas de energia elétrica são diferenciadas de acordo com o horário do dia, é necessário decidir quando e quantas bombas devem ser utilizadas para captar e distribuir água, em cada período de tempo, e quando deve haver transferência de água entre tanques para que a demanda de cada bairro (ou conjunto de bairros) seja atendida sem falta de recursos. Um modelo de programação inteira mista (MIP) é proposto e uma heurística competitiva baseada em MIP foi desenvolvida para resolver este problema. Testes numéricos em um estudo de caso realizado com o sistema de abastecimento de água de uma cidade brasileira demonstram a eficiência do modelo matemático proposto e método de solução.
			https://meet.google.com/tan-howk-yrm	Otimização robusta aplicada à seleção de portfólios de investimentos considerando a medida de risco CVaR	Sessão Temática;Otimização	15:30	16:00	Gislaine Aparecida Periçaro (UNESPAR - Campo Mourão)	Determinar a composição de um portfólio de investimentos de modo a obter um retorno esperado com mínimo risco é um problema que interessa a todos que dispõem de um capital a ser investido em ativos financeiros. Tal problema ganhou destaque na década de 50 com o surgimento da Teoria de Portfólios de Markowitz e continua sendo aprimorada com a inserção de novas medidas de risco, como a medida CVaR, e diferentes abordagens para tratar o problema de otimização em questão.  Entre tais abordagens estão aquelas que consideram as incertezas inerentes aos retornos futuros dos ativos candidatos a compor uma carteira de investimentos. Uma alternativa para incorporar estas incertezas na composição do portfólio é empregar a Otimização Robusta que adota uma abordagem min-max e considera como solução ótima robusta do problema, um ponto que permaneça viável para todas as possíveis realizações dos parâmetros incertos.  Nesse sentido, neste trabalho discutimos um modelo de otimização robusta de portfólios baseada na medida de risco CVaR e apresentamos resultados numéricos para ilustrar a aplicação desta abordagem na construção de uma carteira de investimentos.
			https://meet.google.com/tan-howk-yrm	On the centralization of the circumcentered-reflection method	Sessão Temática;Otimização	16:00	16:30	Luiz-Rafael Santos (UFSC/Blumenau)	In this talk we consider the first circumcenter iteration scheme that does not employ a product space reformulation for finding a point in the intersection of two closed convex sets. We introduce a so-called centralized version of the circumcentered-reflection method (CRM). Developed with the aim of accelerating classical projection algorithms, CRM is successful for tracking a common point of a finite number of affine sets. In the case of general convex sets, CRM was shown to possibly diverge if Pierra’s product space reformulation is not used. In this work, we prove that there exists an easily reachable region consisting of what we refer to as centralized points, where pure circumcenter steps possess properties yielding convergence. The resulting algorithm is called centralized CRM (cCRM). In addition to having global convergence, cCRM converges linearly under an error bound condition and shows superlinear behavior in some numerical experiments.
		Meet MC1		Sistemas dinâmicos: uma primeira visão (1/3)	Minicurso	10:30	12:00	Alexandre Tavares Baraviera (IME - UFRGS);Flávia Malta Branco (IME - UFRGS);Lucas Backes (IME - UFRGS)	O objetivo deste mini-curso é iniciar uma discussão sobre sistemas dinâmicos em nível bastante elementar. A ideia é começar discutindo um caso relativamente simples que é a dinâmica em conjuntos finitos, onde já é possível falar de conceitos básicos como órbitas periódicas e atratores, passando depois para o conjunto dos números naturais. Uma das vantagens desse contexto é que pode-se falar, num nível bastante elementar, do aspecto mensurável da dinâmica, uma vez que medidas sobre os naturais são bem fáceis de se descrever. Por outro lado a dinâmica nesse conjunto está longe de ser uma completa trivialidade: a conjectura de Collatz, também chamada de problema 3n + 1 (mais precisamente: para a função f definida sobre o conjunto dos números naturais como f(n) = 3n + 1 para n ímpar e f(n) = n/2 para n par, mostrar que a órbita periódica 1, 4, 2 é um atrator global), ainda em aberto, ilustra isso de forma bem clara e dá aos alunos um bom exemplo de uma pergunta aparentemente simples que na verdade se revela muito desafiadora. Após introduzir conceitos e ideias básicas (como atrator, órbita periódica, ω-limite) pretendemos passar a conjuntos não enumeráveis, mais especificamente explorando o espaço de sequências de um alfabeto finito (o que permite um primeiro contato com um espaço métrico mais geral) e a dinâmica do shift; por m, pretendemos exibir algo sobre dinâmica de funções denidas num intervalo da reta, estudando casos de dinâmica expansiva (nos quais é possível estabelecer uma ponte com a situação do shift) e depois fazendo um pequeno passeio pela família quadrática, onde se ilustra a noção de bifurcação.\n\n  As aulas do mini-curso serão estruturadas como segue:\n   - Aula 1: Conceitos básicos de dinâmica, ilustrados em conjuntos finitos e no conjunto dos números naturais; dinâmica no espaço das sequências {0, 1}N: o caso do shift;\n   -  Aula 2: Dinâmica num intervalo compacto da reta. Dinâmicas expansivas e os casos da tenda e da duplicação modulo 1; conexão com o shift. Dinâmica no círculo: rotações racionais e irracionais;\n   - Aula 3: Pontos fixos no intervalo: atratores locais, repulsores. A família quadrática: bifurcações, duplicação de período, o caso conjugado à tenda.
		Meet MC3		Uma introdução ao Cálculo Fracionário (1/3)	Minicurso	15:00	16:30	Alessio Fiscella (University of Milan-Bicocca)	Nos últimos anos, problemas e operadores fracionários foram amplamente estudados na literatura e atraíram a atenção de muitos matemáticos vindos de diferentes áreas de pesquisa. O interesse para este tipo de operadores cresceu mais e mais, graças à estrutura não local de tipo integrodifferential e à vista de várias aplicações em uma ampla gama de contextos. Na verdade, operadores fracionários aparecem em aplicações concretas em muitos campos, como otimização, finanças, transições de fase, materiais estratificados, difusão anômala, luxação de cristais, membranas semipermeáveis, propagação de chama, leis de conservação, mecânica quântica, fluxos quase geostróficos, espalhamento múltiplo, superfícies mínimas e ciência dos materiais. O objetivo deste minicurso é fornecer as ferramentas básicas para enfrentar problemas nãolineares envolvendo o p-Laplaciano fracionário. Para isso, introduziremos várias definições para os operadores e os espaços de Sobolev fracionários, possivelmente analisando as diferenças. Finalmente, veremos algumas aplicações para problemas elípticos variacionais em um ambiente nãolocal.\n\n  O minicurso será dividido em 3 partes:\n   - introdução de definições diferentes de Laplaciano fracionário;\n   - introdução dos espaços relacionados e das propriedades básicas necessárias para estudar problemas nãolineares variacionalmente;\n   - análise das propriedades, com pelo menos uma aplicação.\n\n  Referências\n   1. R. A. Adams, Sobolev Spaces, Academic Press, New York (1975).\n   2. L. Brasco, E. Parini and M. Squassina, Stability of variational eigenvalues for the fractional p-Laplacian, Discrete Contin. Dyn. Syst. 36, no. 4, 1813-1845 (2016).\n   3. E. Di Nezza, G. Palatucci and E. Valdinoci, Hitchhiker’s guide to the fractional Sobolev spaces, Bull. Sci. Math. 136, no. 5, 521-573 (2012).\n   4. A. Fiscella, R. Servadei and E. Valdinoci, Density properties for fractional Sobolev spaces, Ann. Acad. Sci. Fenn. Math. 40, no. 1, 235-253 (2015).\n   5. G. Molica Bisci, V. D. Radulescu and R. Servadei, Variational methods for nonlocal fractional problems, Encyclopedia of Mathematics and its Applications, Vol. 162, Cambridge University Press, Cambridge (2016).\n   6. R. Servadei and E. Valdinoci, On the spectrum of two different fractional operators, Proc. Roy. Soc. Edinburgh Sect. A 144 , no. 4, 831-855 (2014).
		Meet MC4		Introdução à Geometria de Distâncias (1/3)	Minicurso	15:00	16:30	Douglas Soares Gonçalves (UFSC)	O problema fundamental em Geometria de Distâncias consiste em determinar a posição de objetos em um certo espaço Euclidiano de dimensão apropriada a partir de uma lista incompleta de distâncias entre pares destes objetos. Neste minicurso estudaremos alguns aspectos teóricos e algoritmos para resolver classes específicas do problema, que ocorrem em aplicações como localização de sensores em rede, ou na determinação da estrutura 3D de proteínas.\n\n  Referência: https://proceedings.science/series/23/proceedings_non_indexed/94
2022-08-02	terça-feira	Zoom		Uma média (podada) que é melhor que a média (aritmética)	Plenária	9:00	10:00	Roberto Imbuzeiro Oliveira (IMPA)	Imagine que você mede várias vezes o quanto uma bola anda ao ser largada em uma rampa. Os vários resultados provavelmente serão diferentes, mas é esperado que a média aritmética das distâncias percorridas esteja próxima do valor previsto pela Física. Isto é um fenômeno bastante geral; por isso, a ideia de tomar médias é fundamental na Probabilidade e na análise de dados e experimentos.\n  Em alguns casos, no entanto, a prudência sugere considerar uma "média podada", que exclui valores muito grandes ou muito pequenos da conta. Nesta palestra, apresentamos alguns resultados muito recentes a respeito da média podada. Por exemplo, explicaremos que em algum sentido é *quase sempre* boa ideia podar, seja porque os dados têm muita variabilidade, seja porque podem ter sido manipulados ou contaminados. Veremos ainda que a média podada pode ser aplicada a tarefas como regressão e estimação de covariância, ou ainda à estimação simultânea de muitas quantidades.\n  A palestra será baseada em trabalhos conjuntos com Lucas Resende (IMPA), Paulo Orenstein (IMPA) e Zoraida Fernández-Rico (Columbia University).
				Métodos topológicos em problemas variacionais geométricos	Plenária	13:30	14:30	Paolo Piccione (USP)	Nesta palestra irei apresentar algumas técnicas para determinar existência de soluções de problemas variacionais em Geometria. Mais precisamente, falarei sobre a Teoria de Lusternik-Schnirelman, sobre a Teoria de Morse, e sobre a Teoria da Bifurcação, discutindo algumas aplicações aos meus problemas variacionais preferidos: o problema de Yamabe, geodésicas e superfícies mínimas.
		Meet MC2		O teorema de Bernstein para superfícies mínimas (1/3)	Minicurso	10:30	12:00	Arlandson Matheus Silva Oliveira (UEPb)	Inaugurando a segunda era de ouro das superfícies mínimas, com a teoria incipiente das equações diferenciais parciais, S. Bernstein [Sur une théorème de géometrie et ses applications aux équations dérivées partielles du type elliptique, Comm. Soc. Math. Kharkov 15 (1915-17), 38-45] provou em 1914 seu famoso teorema segundo o qual os planos são as únicas superfícies mínimas dadas como gráfico de uma função real de duas variáveis reais que tem, pelo menos, até as segundas derivadas parciais contínuas. O propósito deste minicurso é apresentar a demonstração deste resultado devida a J.C.C. Nitsche [Elementary proof of Bernstein’s theorem on minimal surfaces, Ann. of Math. (2) 66 (1957), 543–544].\n\n  Referências\n   1. S. Bernstein, Sur une théorème de géometrie et ses applications aux équations dérivées partielles du type elliptique, Comm. Soc. Math. Kharkov 15 (1915-17), 38-45.\n   2. J.C.C. Nitsche, Elementary proof of Bernstein’s theorem on minimal surfaces, Ann. of Math. (2) 66 (1957), 543-544.
		Meet MC5		Progressos recentes em teoria de regularidade elíptica e temas relacionados (1/3)	Minicurso	15:00	16:30	João Vitor da Silva (UNICAMP)	Neste Minicurso apresentaremos alguns avanços mais recentes no que diz respeito ao estudo de resultados de regularidade para soluções de Equações Diferenciais Parciais elípticas (por simplicidade EDPs). Tais EDPs aparecem em diversos contextos de matemática aplicada, tais como em processos de catálise química, modelos de propagação de chamas, teoria de elasticidade e no estudo de fluidos não-Newtonianos, somente para citar alguns exemplos. Nos cenários em que analisaremos, vamos desenvolver algumas ferramen- tas que nos permitem estudar o comportamento local de soluções, inferindo assim propriedades refinadas das mesmas e de suas interfaces. Algumas aplicações de tais resultados são apresentadas em diversos contextos. O Minicurso é destinado a um público geral com formação em matemática (graduação), pessoas interessadas de áreas afins que tenham um conhecimento básico de EDPs e de suas teorias relacionadas ou amantes curiosos do conhecimento científico matemático moderno. Contamos com sua presença para aprendermos/entendermos um pouco como a matemática está presente nos avanços modernos das ciências exatas no Brasil e no mundo.\n\n  O minicurso será dividido em 3 partes:\n\n   - Apresentação de literatura introdutória\n   - Apresentação de resultados pivotais\n   - Apresentação de resultados modernos\n\n  Referências\n   1. Lawrence C. Evans , Partial Differential Equations . Second edition. Graduate Studies in Mathematics, 19. American Mathe- matical Society, Providence, RI, 2010. xxii+749 pp. ISBN: 978- 0-8218-4974-3.\n   2. Xavier Fernández-Real & Xavier Ros-Oton , Theory for Elliptic PDE . Book, 2020.\n   3. Djairo G. Figueiredo , Regularity Teoria Clássica do Potencial . [Clas- sical potential theory] Editora Universidade de Brasília, Rio de Janeiro 1963 iv+166 pp.\n   4. Djairo Guedes de Figueiredo , O Princípio de Dirichlet . Matemática Universitária N. 1 (1985), 63-84.\n   5. Djairo Guedes de Figueiredo , Métodos Variacionais em Equações Diferenciais . Matemática Universitária N. 7 (1988), 21-47.\n   6. Nikos Katzourakis, An Introduction to Viscosity Solutions for Fully Nonlinear PDE with Applications to Calculus of Vari- ations in L∞ . Springer - Edition 2015, pp. 123.\n   7. Augusto Ponce , Métodos Clássicos em Teoria do Potencial . Publicações Matemáticas, IMPA, Rio de Janeiro, 2009. ISBN: 978-85-244-0244-9.\n   8. Julio Rossi , Tug-of-War games and PDEs . Course in Maxwell Centre for Analysis and Nonlinear PDEs. Edimburg. Scotland. May 2010.\n   9. Eduardo V. Teixeira , Introdução à teoria de regularidade elíptica: uma abordagem geométrica . III ENAMA, Maringá, 2009.\n   10. Noemí Wolanski , Introdución a los problemas de frontera libre . Cursos y Seminarios de Matemática - Serie B. Fascículo 2. 2007 Departamento de Matemática, Facultad de Ciencias Exac- tas y Naturales, Universidad de Buenos Aires.
		Meet MC6		Tópicos de Álgebra Homológica e aspectos computacionais (1/3)	Minicurso	15:00	16:30	Thiago Henrique de Freitas (UTFPR - Guarapuava);Victor Hugo Jorge Pérez (ICMC - USP);Aldício Miranda (UFU)	Neste minicurso abordaremos algumas importantes noções da rica teoria de álgebra homológica de módulos sobre anéis comutativos. Em resumo, em um primeiro momento vamos falar brevemente sobre funtores, homologias/cohomologias, resoluções projetivas/injetivas e os funtores Ext e Tor. Na sequência, faremos um panorama geral da pesquisa em desenvolvimento dos principais problemas em aberto em álgebra comutativa que envolvem alguns destes tópicos descritos. Por fim, será realizada uma breve introdução ao software SINGULAR, a fim de se calcular computacionalmente algumas das noções descritas.\n\n  Referências\n   1. W. Bruns and J. Herzog, Cohen-Macaulay rings, Revised edition, Cambridge University Press, 1998.\n   2. A. Grothendieck, Local Cohomology, Notes by R. Hartshorne, Lecture Notes in Math., vol 20, Springer, 1966.\n   3. H. Matsumura, Commutative Ring Theory, Cambridge Studies in Advanced Mathematics 8, Cambridge University Press, Cambridge, 1986.\n   4. J. R. Strooker, Homological Questions in Local Algebra, London mathematical society, Lectures Notes Sries. Cambribge University Press, 1990.\n   5. C.A, Weibel , An introduction to homological algebra, Cambridge University Press, 1994.
		Meet Lie	meet.google.com/dni-czfo-tci	Pontos recorrentes e decomposição de Jordan de fluxos de automorfismos	Sessão Temática;Lie	15:00	15:30	Adriano da Silva (Universidad de Tarapá)	Em esta apresentação mostramos uma relação existente entre pontos recorrentes para fluxos de automorfismos e decomposição de Jordan. Em particular, no caso conexo, tal relação permite provar que todo fluxo admite, de fato, uma decomposição de Jordan.
			meet.google.com/dni-czfo-tci	Uma nova caracterização da ordem de Bruhat no grupo Simétrico	Sessão Temática;Lie	15:30	16:00	Lonardo Rabel (UFJF)	O objetivo desta palestra é apresentar uma nova caracterização da ordem (forte) de Bruhat no grupo simétrico através dos códigos de Lehmer. Tais códigos são composições em formato escada de modo que a estratégia consiste em definir uma cobertura para estas composições e estendê-la a uma ordem parcial por transividade para então mostrar sua equivalência com a ordem de Bruhat no grupo simétrico. Esta abordagem fornece um algoritmo para o processo de inserção em composições que está relacionado, por exemplo, com  a lei de Monk ("Monk's rule") para permutações. A referência principal é o artigo "A new poset for compositions equivalent to the Bruhat order", disponível em  arXiv:2202.00835.
			meet.google.com/dni-czfo-tci	Invariant Einstein metrics on real flag manifolds	Sessão Temática;Lie	16:00	16:30	Lino Grama (UNICAMP)	In this talk we will discuss the classification of invariant Einstein metrics on real flag manifolds associated to simple and non-compact split real forms of complex classical Lie algebras whose isotropy representation decomposes into two or three irreducible sub-representations. We also discuss some phenomena in real flag manifolds that can not happen in complex flag manifolds. This includes the non-existence of invariant Einstein metric and examples of non-diagonal Einstein metrics. This is a joint work with Brian Grajales. 
		Meet Números	https://meet.google.com/kns-qjni-hhh	Formas Aditivas p-ádicas - Um Survey	Sessão Temática;Números	15:00	15:30	Hemar Godinho (Universidade de Brasília - UnB)	Nesta palestra apresentarei os resultados que guiam o desenvolvimento dessa área. Algumas técnicas serão discutidas, e concluirei a palestra apresentado tanto resultados clássicos como também aqueles mais recentes.
			https://meet.google.com/kns-qjni-hhh	Identidades envolvendo somas de divisores e partições de inteiros	Sessão Temática;Números	15:30	16:00	Mateus Alegri (Universidade Federal de Sergipe)	Nosso objetivo é mostrar como obtemos a expansão em série de Maclaurin para uma conhecida função envolvendo a função eta de Dedekind.  A busca por tal fórmula estava sendo procurada desde 1955. Destacamos a importância desta descoberta devido a relevância da função eta de Dedekind, que foi detalhadamente estudada por S. Ramanujan. Ao final, mostramos como lidar com $q$-produtórios a fim de se obter expansões semelhantes.
			https://meet.google.com/kns-qjni-hhh	Provas combinatórias de algumas identidades da Teoria das Partições de Inteiros	Sessão Temática;Números	16:00	16:30	Eduardo H.M. Brietzke (UFRGS)	O principal objetivo desta palestra é o de mostrar como uma nova maneira de representar partições de inteiros através de matrizes de duas linhas possibilita dar provas combinatórias mais diretas para alguns resultados já conhecidos. Apresentamos várias possíveis maneiras de representar partições irrestritas bem como alguns tipos de partições sujeitas a restrições. A seguir aplicamos as ideias desenvolvidas para dar provas combinatórias para algumas identidades da Teoria das Partições de Inteiras, em especial a uma identidade relacionada a gráficos de Ferrers de 3 quadrantes.      Referências bibliográficas:    [1] Andrews, G.E.: Three-quadrant Ferrers graphs. Indian. J. Math. 42 (2000), 1–7.    [2] Brietzke, E.H.M., Santos, J.P.O., Silva R.: Bijective proofs using two-line matrix representations for partitions. Ramanujan J. 23 (2010), 265-295.    [3] Santos, J.P.O., Mondek, P., Ribeiro, A.C.: New two-line arrays representing partitions. Ann. Comb. 15 (2011), 341-354.
		Meet Ensino	https://meet.google.com/fgz-fbwe-mzd	Modelagem matemática e os desafios para ensinar matemática na atualidade	Sessão Temática; Educação Matemática/Ensino	15:00	15:30	Emerson Tortoloa (UTFPR-Toledo)	Neste trabalho tenho como objetivo discutir alguns desafios pedagógicos enfrentados pelos professores que ensinam Matemática na Educação Básica, os quais vão desde a ineficiência da escola em acompanhar os avanços tecnológicos da sociedade até os reflexos das imposições trazidas pela pandemia de COVID-19. Entre a facilidade de obter informações e o excesso na disseminação de fake news, onde fica o conhecimento escolar? A modelagem matemática tem se mostrado como uma possibilidade de enfrentar tais desafios, viabilizando que o ensino de Matemática transcenda as ‘paredes’ da sala de aula.
			https://meet.google.com/fgz-fbwe-mzd	Os desafios de ensinar Matemática na Ed. Infantil e nos Anos Iniciais do Ensino Fundamental	Sessão Temática; Educação Matemática/Ensino	15:30	16:00	Fernando Moreira Barnabé (Associação Nova Escola)	Com as propostas de trabalho organizadas a partir da homologação da BNCC, o ensino de Matemática tem seu princípio de trabalho reforçado, mas com grandes desafios, principalmente no que tange a formação inicial e continuada dos professores da educação básica brasileira. Além da formação, as mudanças de propostas de trabalho para quem cursa pedagogia e decide pela carreira docente esbarra em desafios que vão desde questões financeiras ao acesso à metodologias de trabalho variadas.
			https://meet.google.com/fgz-fbwe-mzd	Educação Matemática: agora que não somos mais professores tradicionais o que nos tornamos?	Sessão Temática; Educação Matemática/Ensino	16:00	16:30	João Alberto da Silva (FURG)	Há relativo consenso que as práticas tradicionais de ensino de Matemática -entendidas como aquelas que privilegiam a memorização, a reprodução e os algoritmos- são pouco eficientes frente às demandas científicas e tecnológicas desse espaço-tempo contemporâneo que vivemos. Entretanto, as possibilidade de ser professor que ensina Matemática são muitas. Neste encontro planejo discuti sobre práticas de ensino de Matemática que são para além do ensino tradicional, mas que superam o senso comum e alicerçam-se em abordagens científicas oriundas da Didática da Matemática. 
		Meet EDP-DSD	https://meet.google.com/hqp-vnhe-nsv	Decaimento de soluções em placas de Kirchhoff e Euler Bernoulli	Sessão Temática; EDP-DSD	15:00	15:30	Higidio Oquendo (UFPR)	Neste trabalho examinamos o tipo de decaimento que tem um sistema de placas acopladas. Uma das placas é de tipo Kirchhoff e outra de tipo Euler-Bernoulli. Estudamos o decaimento das soluções deste sistema uma vez que uma das placas é dissipada por termos de memória.
			https://meet.google.com/hqp-vnhe-nsv	Attractors for locally damped Bresse systems	Sessão Temática; EDP-DSD	15:30	16:00	Rodrigo Monteiro (UEL)	This present talk is devoted to Bresse systems, a robust model for circular beams, given by a set of three coupled wave equations. The main objective is to establish the existence of global attractors for dynamics of semilinear problems with localized damping. In order to deal with localized damping a unique continuation property (UCP) is needed. Therefore we also provide a suitable UCP for Bresse systems.
			https://meet.google.com/hqp-vnhe-nsv	Estabilidade e dependência contínua de soluções de equações viscoelásticas com respeito ao tempo de criação da história	Sessão Temática; EDP-DSD	16:00	16:30	Eduardo Tavares (UEL)	Nesta apresentação, será discutida inicialmente a estabilidade de soluções para uma classe de equações integro-diferenciais com memória em que o tempo de criação da história age como um parâmetro. Em seguida, será explorada a continuidade das soluções  com respeito ao tempo de criação. Tal dependência permitirá a recuperação de resultados conhecidos na literatura quando os casos limites forem considerados.
2022-08-03	quarta-feira	Zoom		Mulheres na Matemática: um projeto para dar visibilidade ao trabalho acadêmico-científico de matemáticas	Plenária	9:00	10:00	Cecília de Souza Fernandes (UFF)	A história da Matemática é um conteúdo importante não só para professores de Matemática de todos os níveis como também para os alunos, principalmente os alunos do ensino fundamental. Nesse sentido, segundo a M.A.A (Mathematical Association of America), o conhecimento da história da Matemática mostra aos alunos que ela é uma conquista humana, geralmente desenvolvida de forma intuitiva e experimental a partir da necessidade de se resolver problemas nas mais diversas áreas do saber. Contudo, quando se apresenta a história da Matemática aos alunos, ela se apresenta totalmente masculinizada, uma vez que, infelizmente, matemáticas e suas contribuições não são mencionadas. Talvez, esse seja um dos principais fatores de meninas se sentirem desestimuladas a seguir a carreira matemática: a falta de modelos para se identificar.\n  De fato, parece que muitas meninas se sentem desestimuladas a seguir a carreira científica. Em várias áreas do conhecimento, os homens são a grande maioria. Em áreas mais antigas do conhecimento, como a Filosofia, (talvez) já ouvimos falar em Heráclito, Platão, Aristóteles, Santo Agostinho, Maquiavel, Hobbes, Locke, Mostesquieu, Marx, Nietzsche, Russel, Sartre. Uma viagem pelo tempo sem mencionar um nome feminino. Assim é na Literatura, nas Artes, no Direito, e em tantas outras áreas, enquanto produção do saber. A frase “Saber é poder” é conhecida por muitos de nós. Vários pensadores, de Platão ou Aristóteles a Francis Bacon ou Michel Foucault, defendem uma relação muito próxima entre as informações que constituem o saber e o poder decorrente dele.  Produzir saber gera poder e o poder foi negado às mulheres por séculos...\n  Na Matemática, objeto de nosso interesse, não poderia ser diferente. A Matemática é a base para o estudo de todo o mundo físico. E como por séculos, as mulheres foram impedidas de estudar, ficaram longe da Matemática.  Por pensar ser importante dar visibilidade ao papel de matemáticas na ciência e na sociedade, idealizamos o projeto “Mulheres na Matemática”, que tem como principal objetivo divulgar o trabalho acadêmico científico de matemáticas. O projeto foi implementado em 2017 no Instituto de Matemática e Estatística da Universidade Federal Fluminense (UFF) e tem desenvolvido importantes ações. Uma dessas ações foi a idealização e implantação da disciplina “A história de mulheres matemáticas para a formação de professores” para o Curso de Licenciatura de Matemática da UFF, sendo a primeira disciplina sobre a temática a ser oferecida em um centro de ensino e pesquisa em Matemática no Brasil.
				Parentalidade e Academia	Mesa Redonda	16:30	18:00	Liliane Maia (UnB);Maité Kulesza (UFRPE);Janice Pereira Lopes (UFG);Maria Aparecida Soares Ruas (ICMC-USP)	Parentalidade e Academia
		Meet MC1		Sistemas dinâmicos: uma primeira visão (2/3)	Minicurso	10:30	12:00	Alexandre Tavares Baraviera (IME - UFRGS);Flávia Malta Branco (IME - UFRGS);Lucas Backes (IME - UFRGS)	O objetivo deste mini-curso é iniciar uma discussão sobre sistemas dinâmicos em nível bastante elementar. A ideia é começar discutindo um caso relativamente simples que é a dinâmica em conjuntos finitos, onde já é possível falar de conceitos básicos como órbitas periódicas e atratores, passando depois para o conjunto dos números naturais. Uma das vantagens desse contexto é que pode-se falar, num nível bastante elementar, do aspecto mensurável da dinâmica, uma vez que medidas sobre os naturais são bem fáceis de se descrever. Por outro lado a dinâmica nesse conjunto está longe de ser uma completa trivialidade: a conjectura de Collatz, também chamada de problema 3n + 1 (mais precisamente: para a função f definida sobre o conjunto dos números naturais como f(n) = 3n + 1 para n ímpar e f(n) = n/2 para n par, mostrar que a órbita periódica 1, 4, 2 é um atrator global), ainda em aberto, ilustra isso de forma bem clara e dá aos alunos um bom exemplo de uma pergunta aparentemente simples que na verdade se revela muito desafiadora. Após introduzir conceitos e ideias básicas (como atrator, órbita periódica, ω-limite) pretendemos passar a conjuntos não enumeráveis, mais especificamente explorando o espaço de sequências de um alfabeto finito (o que permite um primeiro contato com um espaço métrico mais geral) e a dinâmica do shift; por m, pretendemos exibir algo sobre dinâmica de funções denidas num intervalo da reta, estudando casos de dinâmica expansiva (nos quais é possível estabelecer uma ponte com a situação do shift) e depois fazendo um pequeno passeio pela família quadrática, onde se ilustra a noção de bifurcação.\n\n  As aulas do mini-curso serão estruturadas como segue:\n   - Aula 1: Conceitos básicos de dinâmica, ilustrados em conjuntos finitos e no conjunto dos números naturais; dinâmica no espaço das sequências {0, 1}N: o caso do shift;\n   -  Aula 2: Dinâmica num intervalo compacto da reta. Dinâmicas expansivas e os casos da tenda e da duplicação modulo 1; conexão com o shift. Dinâmica no círculo: rotações racionais e irracionais;\n   - Aula 3: Pontos fixos no intervalo: atratores locais, repulsores. A família quadrática: bifurcações, duplicação de período, o caso conjugado à tenda.
		Meet MC2		O teorema de Bernstein para superfícies mínimas (2/3)	Minicurso	10:30	12:00	Arlandson Matheus Silva Oliveira (UEPb)	Inaugurando a segunda era de ouro das superfícies mínimas, com a teoria incipiente das equações diferenciais parciais, S. Bernstein [Sur une théorème de géometrie et ses applications aux équations dérivées partielles du type elliptique, Comm. Soc. Math. Kharkov 15 (1915-17), 38-45] provou em 1914 seu famoso teorema segundo o qual os planos são as únicas superfícies mínimas dadas como gráfico de uma função real de duas variáveis reais que tem, pelo menos, até as segundas derivadas parciais contínuas. O propósito deste minicurso é apresentar a demonstração deste resultado devida a J.C.C. Nitsche [Elementary proof of Bernstein’s theorem on minimal surfaces, Ann. of Math. (2) 66 (1957), 543–544].\n\n  Referências\n   1. S. Bernstein, Sur une théorème de géometrie et ses applications aux équations dérivées partielles du type elliptique, Comm. Soc. Math. Kharkov 15 (1915-17), 38-45.\n   2. J.C.C. Nitsche, Elementary proof of Bernstein’s theorem on minimal surfaces, Ann. of Math. (2) 66 (1957), 543-544.
		Meet MC5		Progressos recentes em teoria de regularidade elíptica e temas relacionados (2/3)	Minicurso	15:00	16:30	João Vitor da Silva (UNICAMP)	Neste Minicurso apresentaremos alguns avanços mais recentes no que diz respeito ao estudo de resultados de regularidade para soluções de Equações Diferenciais Parciais elípticas (por simplicidade EDPs). Tais EDPs aparecem em diversos contextos de matemática aplicada, tais como em processos de catálise química, modelos de propagação de chamas, teoria de elasticidade e no estudo de fluidos não-Newtonianos, somente para citar alguns exemplos. Nos cenários em que analisaremos, vamos desenvolver algumas ferramen- tas que nos permitem estudar o comportamento local de soluções, inferindo assim propriedades refinadas das mesmas e de suas interfaces. Algumas aplicações de tais resultados são apresentadas em diversos contextos. O Minicurso é destinado a um público geral com formação em matemática (graduação), pessoas interessadas de áreas afins que tenham um conhecimento básico de EDPs e de suas teorias relacionadas ou amantes curiosos do conhecimento científico matemático moderno. Contamos com sua presença para aprendermos/entendermos um pouco como a matemática está presente nos avanços modernos das ciências exatas no Brasil e no mundo.\n\n  O minicurso será dividido em 3 partes:\n\n   - Apresentação de literatura introdutória\n   - Apresentação de resultados pivotais\n   - Apresentação de resultados modernos\n\n  Referências\n   1. Lawrence C. Evans , Partial Differential Equations . Second edition. Graduate Studies in Mathematics, 19. American Mathe- matical Society, Providence, RI, 2010. xxii+749 pp. ISBN: 978- 0-8218-4974-3.\n   2. Xavier Fernández-Real & Xavier Ros-Oton , Theory for Elliptic PDE . Book, 2020.\n   3. Djairo G. Figueiredo , Regularity Teoria Clássica do Potencial . [Clas- sical potential theory] Editora Universidade de Brasília, Rio de Janeiro 1963 iv+166 pp.\n   4. Djairo Guedes de Figueiredo , O Princípio de Dirichlet . Matemática Universitária N. 1 (1985), 63-84.\n   5. Djairo Guedes de Figueiredo , Métodos Variacionais em Equações Diferenciais . Matemática Universitária N. 7 (1988), 21-47.\n   6. Nikos Katzourakis, An Introduction to Viscosity Solutions for Fully Nonlinear PDE with Applications to Calculus of Vari- ations in L∞ . Springer - Edition 2015, pp. 123.\n   7. Augusto Ponce , Métodos Clássicos em Teoria do Potencial . Publicações Matemáticas, IMPA, Rio de Janeiro, 2009. ISBN: 978-85-244-0244-9.\n   8. Julio Rossi , Tug-of-War games and PDEs . Course in Maxwell Centre for Analysis and Nonlinear PDEs. Edimburg. Scotland. May 2010.\n   9. Eduardo V. Teixeira , Introdução à teoria de regularidade elíptica: uma abordagem geométrica . III ENAMA, Maringá, 2009.\n   10. Noemí Wolanski , Introdución a los problemas de frontera libre . Cursos y Seminarios de Matemática - Serie B. Fascículo 2. 2007 Departamento de Matemática, Facultad de Ciencias Exac- tas y Naturales, Universidad de Buenos Aires.
		Meet MC6		Tópicos de Álgebra Homológica e aspectos computacionais (2/3)	Minicurso	15:00	16:30	Thiago Henrique de Freitas (UTFPR - Guarapuava);Victor Hugo Jorge Pérez (ICMC - USP);Aldício Miranda (UFU)	Neste minicurso abordaremos algumas importantes noções da rica teoria de álgebra homológica de módulos sobre anéis comutativos. Em resumo, em um primeiro momento vamos falar brevemente sobre funtores, homologias/cohomologias, resoluções projetivas/injetivas e os funtores Ext e Tor. Na sequência, faremos um panorama geral da pesquisa em desenvolvimento dos principais problemas em aberto em álgebra comutativa que envolvem alguns destes tópicos descritos. Por fim, será realizada uma breve introdução ao software SINGULAR, a fim de se calcular computacionalmente algumas das noções descritas.\n\n  Referências\n   1. W. Bruns and J. Herzog, Cohen-Macaulay rings, Revised edition, Cambridge University Press, 1998.\n   2. A. Grothendieck, Local Cohomology, Notes by R. Hartshorne, Lecture Notes in Math., vol 20, Springer, 1966.\n   3. H. Matsumura, Commutative Ring Theory, Cambridge Studies in Advanced Mathematics 8, Cambridge University Press, Cambridge, 1986.\n   4. J. R. Strooker, Homological Questions in Local Algebra, London mathematical society, Lectures Notes Sries. Cambribge University Press, 1990.\n   5. C.A, Weibel , An introduction to homological algebra, Cambridge University Press, 1994.
		Meet Lie	meet.google.com/dni-czfo-tci	Métodos de colagem em geometria 	Sessão Temática;Lie	15:00	15:30	Elizabeth Gasparin (Universidad Católica Del Norte)	Vou apresentar métodos de colagem em geometria simplética e em geometria algébrica, e logo explicar uma nova dualidade que descobrimos recentemente  entre os 2 tipos de colagem. Esta dualidade involve fibrados cotangentes e superfícies complexas com singularidades. 
			meet.google.com/dni-czfo-tci	Disconnected maximal torus and the topological entropy of powers	Sessão Temática;Lie	15:30	16:00	Mauro Patrão (UnB)	The topological entropy is a measure of the chaoticity of a dynamical system generated by the iteration of a continuous transformation. When we iterate surjective endomorphisms of a Lie group $G$, its topological entropy coincides with that of its restriction to the maximal torus of the center of $G$. This implies that the entropy of endomorphisms of semi-simple compact Lie groups always vanishes. In this talk, we will determine the topological entropy of powers on Lie groups and show that it is always positive when the group is compact, even when it is semi-simple. We will focus on the role of the structure theory of Lie groups in proving this fact, especially on the role of the disconnected maximal torus, which we introduced and which fulfills the same role, in the case of disconnected compact groups, as the maximal torus in the connected case.
			meet.google.com/dni-czfo-tci	Plano osculador na Grasmanniana Gr₂(3,R)	Sessão Temática;Lie	16:00	16:30	Josiney A. Souza (UEM)	Apresentaremos uma interpretação do conceito de torsão de uma curva usando ferramentas da teoria de Lie. A variação do plano osculador de uma curva pode ser representada por meio de uma curva diferenciável na variedade Grassmanniana Gr₂(3,R), cuja velocidade coincide com o módulo da torsão. A estratégia também é usada para mostrar que as hélices dependem dos vetores antissimétricos e de funções escalares controladoras.
		Meet Números	https://meet.google.com/kns-qjni-hhh	Sobre o comportamento aritmético de funções transcendentes	Sessão Temática;Números	15:00	15:30	Diego Marques (UnB)	Nessa palestra, vamos apresentar alguns resultados relacionados aos problemas propostos por K. Mahler em 1976.
			https://meet.google.com/kns-qjni-hhh	Ladrilhamentos: um novo enfoque sobre as partições de inteiros	Sessão Temática;Números	15:30	16:00	Carlos Eduardo de Oliveira (IFSP)	Este trabalho tem por objetivo apresentar uma nova maneira de observar as partições de um número inteiro através de uma bijeção estabelecida entre as partições de n e todos os ladrilhamentos de mesmo comprimento seguindo condições específicas..  Essa bijeção foi encontrada por um longo e sequencial caminho que passa pela escrita de uma partição como matriz de duas linhas, caminhos reticulados sobre o plano cartesiano, sequência de ímpares distintos e maiores do que 1 até, por final, relacionar cada partição a um ladrilhamento regido por condições pré-estabelecidas.
			https://meet.google.com/kns-qjni-hhh	Propriedades aritméticas da enumeração de partições 3-regulares em três cores	Sessão Temática;Números	16:00	16:30	Robson Oliveira da Silva (UNIFESP)	Uma partição de um inteiro positivo n é uma coleção de inteiros positivos cuja soma é igual a n. Foi o grande matemático indiano S. Ramanujan quem iniciou o estudo das propriedades aritméticas da função p(n) que conta as partições de n: p(1)=1, p(2)=2, p(3)=3, p(4)=5, p(7)=15, p(19)=490 ... Por exemplo, dentre suas várias contribuições à Teoria dos Números, Ramanujan provou que, para todo inteiro positivo n,  p(5n+4) é divisível por 5,   p(7n+5) é divisível por 7,  p(11n+6) é divisível por 11.  Neste seminário prestaremos uma homenagem ao Ramanujan apresentando o estudo de propriedades aritméticas da função que enumera partições 3-regulares de n em três cores.
		Meet Códigos	https://meet.google.com/xsy-crcv-vpt	Codificação e Modulação Proveniente de Partição de Reticulados	Sessão Temática;Códigos	15:00	15:30	Edson Donizete de Carvalho (FEIS-UNESP)	Modulação codificada é uma técnica que permite realizar a modulação e a codificação em uma única etapa através da seleção de  sinais  em um conjunto de sinais S de um espaço métrico M. Se o conjunto de sinais S for  invariante sob a ação de um grupo G, dizemos que S é geometricamente uniforme (GU).  As regiões de Voronoi associadas aos conjuntos de sinais GU são todas congruentes independente do sinal transmitido.  Partição de reticulados fornece um eficiente método para obter codificadores e moduladores a partir da seleção de sinais em um conjunto de sinais S (GU) identificados por um conjunto  discreto de pontos proveniente de baricentros de polígonos regulares, seja no plano euclidiano ou no plano hiperbólico. No plano euclidiano, os reticulados obtidos tem uma estrutura de grupo aditivo e no plano hiperbólico os reticulados tem uma estrutura  multiplicativa obtido a partir de uma ordem  dos quatérnios  derivada de grupos  Fuchsianos aritméticos.
			https://meet.google.com/xsy-crcv-vpt	Sobre Códigos Coloridos MDS	Sessão Temática;Códigos	15:30	16:00	Clarice Dias de Albuquerque (UFCA)	É conhecido na Teoria de Codificação Clássica que os parâmetros [n, k, d] de um código linear satisfazem a desigualdade  n−k ≥ d− 1, conhecida como Limitante de Singleton. Um código em que vale a igualdade n - k = d - 1 é chamado MDS (Maximum Distance Separable). Os códigos MDS se destacam porque, para n e k fixos, tais códigos tem a maior capacidade de detecção e correção de erros. Considerando um código quântico com parâmetros [[n, k, d]], o análogo quântico do limitante de Singleton é dado por n − k ≥ 2.(d − 1). Logo, um código quântico é MDS se satura esse limitante. No caso dos códigos quânticos topológicos, existem na literatura alguns códigos MDS com d = 2. Neste trabalho será mostrado que os únicos códigos coloridos MDS pertencem à classe [[4g+2, 4g, 2]], onde g é o gênero da superfície na qual está definida o código.
			https://meet.google.com/xsy-crcv-vpt	Construção de Cód. Clássicos e Quânticos Quase-Cíclicos via Plano Euclidiano Finito	Sessão Temática;Códigos	16:00	16:30	Frederico Ventura Batista (UEM)	Nessa palestra serão apresentadas famílias de códigos binários quase-cíclicos (QC) e famílias de códigos quânticos corretores de erros (QECC). Os códigos QC foram obtidos tomando como base o conceito de Plano Euclidiano Finito (PEF). A saber, o PEF é concebido com a ideia de ser um "análogo" do Plano Euclidiano, porém o primeiro é definido a partir de um corpo finito munido com uma relação de ordem e uma ferramenta inspirada na ideia de distância. Os códigos QC assim obtidos possuem propriedades interessantes das quais destacamos o fato de serem auto-ortogonais. Esta propriedade  dos códigos QC nos permite obter famílias de QECC por meio da construção CSS. A caracterização  dos códigos QC  e dos códigos QECC foi feita por meio da determinação de seus parâmetros.
		Meet Ensino	https://meet.google.com/fgz-fbwe-mzd	A Análise de Erros no ensino e na aprendizagem de Cálculo Diferencial e Integral: desafios e contribuições	Sessão Temática; Educação Matemática/Ensino	15:00	15:30	Daniela Barbieri (UNESPAR-Paranavaí)	A Análise de Erros é uma abordagem de pesquisa e ensino que tem sido empregada quando se detecta dificuldades na aprendizagem dos alunos, buscando identificá-las, por meio da análise do erros cometidos por eles em questões matemáticas. Consideramos esses erros como potenciais geradores de dúvidas construtivas, que conduzem os alunos a explorações e aprendizagens. Nessa palestra, pretendemos refletir sobre os desafios e contribuições dessa abordagem de ensino para a aprendizagem de matemática, particularmente nas aulas de Cálculo Diferencial e Integral (CDI). 
			https://meet.google.com/fgz-fbwe-mzd	Novos Desafios sobre Aprender e Ensinar Matemática: a Pós-Graduação e a formação de professores que atuam no ensino de Matemática	Sessão Temática; Educação Matemática/Ensino	15:30	16:00	Marilaine de Fraga Sat'Ana (UFRGS)	Como coordenadora de um Programa de Pós-Graduação em Ensino de Matemática, que foca na pesquisa em Educação Matemática, discorro sobre desafios elencados a partir do grupo com o qual trabalho. Esse grupo é constituído por docentes de formações diversas, que pesquisam em diversos âmbitos, tomando por base referenciais teóricos também diversos. São apontados como desafios:  o conhecimento do conteúdo para o ensino; a aprendizagem conjunta da Matemática para embalar a discussão de questões sociais; a união entre prática e teoria pela reflexão; o aprender pela docência, mantendo o caráter artesanal da pesquisa; os impactos do retorno ao presencial, refletindo sobre as possibilidades e limitações do ensino remoto vivenciado na pandemia; a realidade e a reflexão aliadas aos conteúdos específicos; e a defesa da escola e da Universidade como espaços de aprendizagem e de experiências múltiplas. Esse rol de desafios reflete de certa maneira a diversidade do grupo representado e é pela diversidade do ensino e da pesquisa que percebemos possibilidades para enfrentá-los.
			https://meet.google.com/fgz-fbwe-mzd	O movimento de constituição da Identidade Profissional de professores que ensinam matemática e o enfrentamento de desafios sobre aprender e ensinar matemática	Sessão Temática; Educação Matemática/Ensino	16:00	16:30	Márcia Cristina de Costa Trindade Cyrino (UEL)	A identidade profissional (IP) docente desempenha um papel central na compreensão das práticas de ensino, na ressignificação da prática docente, na motivação para ensinar, no bem-estar pessoal e profissional, bem como na tomada de decisão a respeito da carreira de professor. Considerando que o movimento de constituição da IP de professores que ensinam matemática (PEM) é um processo contínuo, complexo, dinâmico, temporal e experiencial, nesse seminário discutiremos o papel desse movimento na formação (inicial e continuada) de PEM e o enfrentamento de desafios sobre aprender e ensinar matemática.
		Meet EDP-LEE	https://meet.google.com/hqp-vnhe-nsv	Multiplicity of solutions for a nonlinear boundary value problem in the upper half-space	Sessão Temática; EDP-LEE	15:00	15:30	Marcelo Furtado (UnB)	We obtain multiple solutions for the nonlinear boundary value problem $$ -\Delta u-\dfrac{1}{2}\left(  x\cdot\nabla u\right)  = f(\lambda,x,u), \mbox{ in }\mathbb{R}_{+}^{N}, \qquad \dfrac{\partial u}{\partial\nu}=g(\mu,x',u), \mbox{ on } \partial \mathbb{R}_{+}^{N}, $$ where $\mathbb{R}^N_+ = \{(x',x_N) : x' \in \mathbb{R}^{N-1},\,x_N>0 \}$ is the upper half-space and $\lambda,\,\mu>0$ are parameters. We consider sublinear, linear and superlinear cases and the function $g$ has critical growth.
			https://meet.google.com/hqp-vnhe-nsv	Uma classe equacao de Choquard	Sessão Temática; EDP-LEE	15:30	16:00	Olimpio Miyagaki (UFSCar)	Apresentara resultados de existencia,nao existencia e multiplicidade de solucoes para uma classe de equacao Choquard. O metodo usado 'e metodo variacional
			https://meet.google.com/hqp-vnhe-nsv	Symmetry and symmetry breaking for Hénon-type problems involving the 1-Laplacian operator	Sessão Temática; EDP-LEE	16:00	16:30	Marcos Pimenta (FCT-UNESP)	In this work, we study a class of Hénon-type equations which involve the 1-Laplacian operator in the unit ball. Under mild assumptions on the nonlinearity, the existence of radial solutions is proved and, for a parameter in a certain range, the existence of symmetry breaking is proved, through the presence of non-radial solutions. The approach is based on an approximation scheme, where a thorough analysis of the solutions of the associated p-Laplacian problems is necessary.
2022-08-04	quinta-feira	Zoom		Removability of isolated singularities on surfaces with bounded mean curvature	Plenária	9:00	10:00	Edson Sampaio (UFC)	In this talk, I will prove the following generalized version of Bers' Theorem on isolated singularities of minimal surfaces. Let S be a topological surface in a 3-dimensional Riemannian manifold M. Assume that the set where S is not a smooth surface, denoted by Sing(S), is a set of isolated points. If the mean curvature of Reg(S)=S\Sing(S) is bounded around each point of Sing(S), then S is a C^{1,b} smooth surface, for all b in (0,1). Moreover, if the mean curvature of Reg(S) extends to S as a locally Lipschitz function then S is C^{2,b} smooth surface, for all b in (0,1).  With this result, we obtain several consequences, for instance, we obtain the following: (1) A classification of a class of algebraic CMC surfaces in the 3-dimensional Euclidean space: A connected algebraic CMC surface in the 3-dimensional Euclidean space with isolated singularities and a suitable condition of local connectedness is a plane or a finite union of round spheres and right circular cylinders touching at the singularities; (2) A CMC surface in the 3-dimensional Euclidean space that is a topological manifold does not have isolated singularities; (3) A connected algebraic CMC surface in the 3-dimensional Euclidean space with isolated singularities which is locally Lipschitz normally embedded (or quasi-convex) must be a plane or a round sphere or a right circular cylinder.
				Perspectivas Futuras da Pós-graduação	Mesa Redonda	16:30	18:00	Rodrigo Bissacot (USP); Gregório Pacelli Bessa (UFC); Sandra Augusta Santos (UNICAMP)	A ser enviado
		Meet MC3		Uma introdução ao Cálculo Fracionário (2/3)	Minicurso	13:30	15:00	Alessio Fiscella (University of Milan-Bicocca)	Nos últimos anos, problemas e operadores fracionários foram amplamente estudados na literatura e atraíram a atenção de muitos matemáticos vindos de diferentes áreas de pesquisa. O interesse para este tipo de operadores cresceu mais e mais, graças à estrutura não local de tipo integrodifferential e à vista de várias aplicações em uma ampla gama de contextos. Na verdade, operadores fracionários aparecem em aplicações concretas em muitos campos, como otimização, finanças, transições de fase, materiais estratificados, difusão anômala, luxação de cristais, membranas semipermeáveis, propagação de chama, leis de conservação, mecânica quântica, fluxos quase geostróficos, espalhamento múltiplo, superfícies mínimas e ciência dos materiais. O objetivo deste minicurso é fornecer as ferramentas básicas para enfrentar problemas nãolineares envolvendo o p-Laplaciano fracionário. Para isso, introduziremos várias definições para os operadores e os espaços de Sobolev fracionários, possivelmente analisando as diferenças. Finalmente, veremos algumas aplicações para problemas elípticos variacionais em um ambiente nãolocal.\n\n  O minicurso será dividido em 3 partes:\n   - introdução de definições diferentes de Laplaciano fracionário;\n   - introdução dos espaços relacionados e das propriedades básicas necessárias para estudar problemas nãolineares variacionalmente;\n   - análise das propriedades, com pelo menos uma aplicação.\n\n  Referências\n   1. R. A. Adams, Sobolev Spaces, Academic Press, New York (1975).\n   2. L. Brasco, E. Parini and M. Squassina, Stability of variational eigenvalues for the fractional p-Laplacian, Discrete Contin. Dyn. Syst. 36, no. 4, 1813-1845 (2016).\n   3. E. Di Nezza, G. Palatucci and E. Valdinoci, Hitchhiker’s guide to the fractional Sobolev spaces, Bull. Sci. Math. 136, no. 5, 521-573 (2012).\n   4. A. Fiscella, R. Servadei and E. Valdinoci, Density properties for fractional Sobolev spaces, Ann. Acad. Sci. Fenn. Math. 40, no. 1, 235-253 (2015).\n   5. G. Molica Bisci, V. D. Radulescu and R. Servadei, Variational methods for nonlocal fractional problems, Encyclopedia of Mathematics and its Applications, Vol. 162, Cambridge University Press, Cambridge (2016).\n   6. R. Servadei and E. Valdinoci, On the spectrum of two different fractional operators, Proc. Roy. Soc. Edinburgh Sect. A 144 , no. 4, 831-855 (2014).
		Meet MC4		Introdução à Geometria de Distâncias (2/3)	Minicurso	13:30	15:00	Douglas Soares Gonçalves (UFSC)	O problema fundamental em Geometria de Distâncias consiste em determinar a posição de objetos em um certo espaço Euclidiano de dimensão apropriada a partir de uma lista incompleta de distâncias entre pares destes objetos. Neste minicurso estudaremos alguns aspectos teóricos e algoritmos para resolver classes específicas do problema, que ocorrem em aplicações como localização de sensores em rede, ou na determinação da estrutura 3D de proteínas.\n\n  Referência: https://proceedings.science/series/23/proceedings_non_indexed/94
		Meet MC5		Progressos recentes em teoria de regularidade elíptica e temas relacionados (3/3)	Minicurso	15:00	16:30	João Vitor da Silva (UNICAMP)	Neste Minicurso apresentaremos alguns avanços mais recentes no que diz respeito ao estudo de resultados de regularidade para soluções de Equações Diferenciais Parciais elípticas (por simplicidade EDPs). Tais EDPs aparecem em diversos contextos de matemática aplicada, tais como em processos de catálise química, modelos de propagação de chamas, teoria de elasticidade e no estudo de fluidos não-Newtonianos, somente para citar alguns exemplos. Nos cenários em que analisaremos, vamos desenvolver algumas ferramen- tas que nos permitem estudar o comportamento local de soluções, inferindo assim propriedades refinadas das mesmas e de suas interfaces. Algumas aplicações de tais resultados são apresentadas em diversos contextos. O Minicurso é destinado a um público geral com formação em matemática (graduação), pessoas interessadas de áreas afins que tenham um conhecimento básico de EDPs e de suas teorias relacionadas ou amantes curiosos do conhecimento científico matemático moderno. Contamos com sua presença para aprendermos/entendermos um pouco como a matemática está presente nos avanços modernos das ciências exatas no Brasil e no mundo.\n\n  O minicurso será dividido em 3 partes:\n\n   - Apresentação de literatura introdutória\n   - Apresentação de resultados pivotais\n   - Apresentação de resultados modernos\n\n  Referências\n   1. Lawrence C. Evans , Partial Differential Equations . Second edition. Graduate Studies in Mathematics, 19. American Mathe- matical Society, Providence, RI, 2010. xxii+749 pp. ISBN: 978- 0-8218-4974-3.\n   2. Xavier Fernández-Real & Xavier Ros-Oton , Theory for Elliptic PDE . Book, 2020.\n   3. Djairo G. Figueiredo , Regularity Teoria Clássica do Potencial . [Clas- sical potential theory] Editora Universidade de Brasília, Rio de Janeiro 1963 iv+166 pp.\n   4. Djairo Guedes de Figueiredo , O Princípio de Dirichlet . Matemática Universitária N. 1 (1985), 63-84.\n   5. Djairo Guedes de Figueiredo , Métodos Variacionais em Equações Diferenciais . Matemática Universitária N. 7 (1988), 21-47.\n   6. Nikos Katzourakis, An Introduction to Viscosity Solutions for Fully Nonlinear PDE with Applications to Calculus of Vari- ations in L∞ . Springer - Edition 2015, pp. 123.\n   7. Augusto Ponce , Métodos Clássicos em Teoria do Potencial . Publicações Matemáticas, IMPA, Rio de Janeiro, 2009. ISBN: 978-85-244-0244-9.\n   8. Julio Rossi , Tug-of-War games and PDEs . Course in Maxwell Centre for Analysis and Nonlinear PDEs. Edimburg. Scotland. May 2010.\n   9. Eduardo V. Teixeira , Introdução à teoria de regularidade elíptica: uma abordagem geométrica . III ENAMA, Maringá, 2009.\n   10. Noemí Wolanski , Introdución a los problemas de frontera libre . Cursos y Seminarios de Matemática - Serie B. Fascículo 2. 2007 Departamento de Matemática, Facultad de Ciencias Exac- tas y Naturales, Universidad de Buenos Aires.
		Meet MC6		Tópicos de Álgebra Homológica e aspectos computacionais (3/3)	Minicurso	15:00	16:30	Thiago Henrique de Freitas (UTFPR - Guarapuava);Victor Hugo Jorge Pérez (ICMC - USP);Aldício Miranda (UFU)	Neste minicurso abordaremos algumas importantes noções da rica teoria de álgebra homológica de módulos sobre anéis comutativos. Em resumo, em um primeiro momento vamos falar brevemente sobre funtores, homologias/cohomologias, resoluções projetivas/injetivas e os funtores Ext e Tor. Na sequência, faremos um panorama geral da pesquisa em desenvolvimento dos principais problemas em aberto em álgebra comutativa que envolvem alguns destes tópicos descritos. Por fim, será realizada uma breve introdução ao software SINGULAR, a fim de se calcular computacionalmente algumas das noções descritas.\n\n  Referências\n   1. W. Bruns and J. Herzog, Cohen-Macaulay rings, Revised edition, Cambridge University Press, 1998.\n   2. A. Grothendieck, Local Cohomology, Notes by R. Hartshorne, Lecture Notes in Math., vol 20, Springer, 1966.\n   3. H. Matsumura, Commutative Ring Theory, Cambridge Studies in Advanced Mathematics 8, Cambridge University Press, Cambridge, 1986.\n   4. J. R. Strooker, Homological Questions in Local Algebra, London mathematical society, Lectures Notes Sries. Cambribge University Press, 1990.\n   5. C.A, Weibel , An introduction to homological algebra, Cambridge University Press, 1994.
		Meet Otimização	https://meet.google.com/tan-howk-yrm	Usando Quatérnios para resolver um problema de Geometria de Distâncias	Sessão Temática;Otimização	15:00	15:30	Felipe Delfini Caetano Fidalgo (UFSC - Câmpus Blumenau)	O Discretizable Molecular Distance Geometry Problem (DMDGP) é um problema inverso que deseja encontrar as posições de pontos, conhecendo um determinado conjunto de distâncias entre eles de modo que o espaço de busca seja discreto. Para resolvê-lo de maneira eficiente, existe o Algoritmo Branch-and-Prune (BP), uma estratégia combinatória de exploração do espaço discreto de busca, que é resolvido utilizando produtos recursivos de matrizes homogêneas em R3. Esta palestra tem por objetivo demonstrar que uma adaptação do BP utilizando Álgebra de Quatérnios produz resultados tão eficientes quanto, contudo utilizando menos operações aritméticas no processo. Os testes computacionais principais foram realizados em exemplares proteicos, dado que a Proteomica é a principal das aplicações do DMDGP.
			https://meet.google.com/tan-howk-yrm	Condições de otimalidade sucesivas para problemas de otimização com um conjunto abstrato adicional	Sessão Temática;Otimização	15:30	16:00	María Laura Schuverdt (Universidad Nacional de La Plata)	As condições de otimalidade sucessivas são versões assintóticas das conhecidas condições de Karush-Kuhn-Tucker e desempenham um papel central no desenho e análise de algoritmos numéricos. Recentemente, foram definidas as chamadas condições Karush-Kuhn-Tucker aproximadas positivas (PAKKT) e a condição de qualificação estrita associada a esta condição de otimalidade sucessiva para problemas escalares gerais com restrições de igualdade e desigualdade. Neste trabalho, apresentamos uma extensão da condição PAKKT para problemas de otimização que possuem um conjunto abstrato adicional. Além disso, exploramos as relações entre a nova condição de qualificação e outras condições conhecidas na literatura como Abadie, quase-normalidade e a condição AKKT-regular. Finalmente, apresentamos um Método de Lagrangiano Aumentado para resolver o problema de otimização com conjunto abstrato de restrição e mostramos que pode ser provada a convergência global sob a nova condição.
			https://meet.google.com/tan-howk-yrm	Mathematical Programs with Cardinality Constraints	Sessão Temática;Otimização	16:00	16:30	Ademir Alves Ribeiro (UFPR)	We study a class of optimization problems, called Mathematical Programs with Cardinality Constraints (MPCaC). This kind of problem is generally difficult to deal with, because it involves a constraint that is not continuous neither convex, but provides sparse solutions. We reformulate MPCaC in a suitable way, by modeling it as a nonlinear programming problem, which will be referred to as relaxed problem. Since the standard constraint qualifications may be violated, we cannot assert about KKT points. Motivated to find a minimizer for the MPCaC problem, we then define new and weaker stationarity conditions.  We also propose a comparative study of sequential optimality conditions for Mathematical  Programs with Cardinality Constraints. Besides analyzing some of the classical approximate  conditions for nonlinear programming, such as AKKT, CAKKT and PAKKT, we also propose an Approximate Weak stationarity (AW-stationarity) concept designed to deal with this  class of problems and we prove that it is a legitimate optimality condition independently  of any constraint qualification.   Finally, we define two tailored (strong and weak) second-order necessary conditions, MPCaC-SSONC and MPCaC-WSONC and propose a constraint qualification (CQ), namely, MPCaC-relaxed constant rank constraint qualification (MPCaC-RCRCQ), and establish the validity of MPCaC-SSONC at minimizers under this new CQ. Moreover, we discuss the application of a second-order augmented Lagrangian algorithm on MPCaCs and prove its global convergence to MPCaC-WSONC points under our MPCaC-RCRCQ condition. 
		Meet Singularidades	https://https://meet.google.com/zvt-eogy-ong	Lipschitz trivial values of polynomial mappings	Sessão Temática; Teoria de Singularidades	15:00	15:30	Vicent Jean Henri Grandjean (UFC)	I will fully characterize the real and complex polynomial mappings taking a value which is Lipschitz trivial.
			https://https://meet.google.com/zvt-eogy-ong	Classificação projetiva de superfície regradas via geometria da curva flecnodal 	Sessão Temática; Teoria de Singularidades	15:30	16:00	Jorge Luiz Deolindo Silva (UFSC)	Superfície regrada é um assunto clássico em geometria e definida por uma família de retas (geratrizes) movendo-se ao longo de uma curva (diretriz). Neste trabalho, de um ponto de vista da teoria de singularidades, focamos no caso regular e classificamos projetivamente os jatos das formas de Monge de superfícies regradas via geometria da curva flecnodal. 
			https://https://meet.google.com/zvt-eogy-ong	Invariantes associados a germes de aplicações	Sessão Temática; Teoria de Singularidades	16:00	16:30	Michele Ferreira Zancheta Morgado (UNESP-SJRP)	No estudo de hipersuperfícies analíticas complexas singulares sob o ponto de vista local, ou seja, definidas por um germe de função holomorfa, Milnor prova um teorema de fibração, obtendo a chamada fibra de Milnor (local) associada a este germe. No caso em que a hipersuperfície tem singularidade isolada, Milnor introduziu um importante invariante, agora chamado número de Milnor, que tem um importante papel na teoria moderna de Singularidades. Bruce e Roberts estendem a definição de número de Milnor de um germe de função f, restringindo a um germe de variedade X.  Agora, no caso de germes de aplicações, sendo uma interseção completa com singularidade isolada (ICIS) Hamm provou que este germe também tem um número de Milnor bem definido associado, definido como o grau da homologia média da correspondente fibra de Milnor.   Neste contexto, buscamos estender o número de Bruce-Roberts no caso de germes de aplicações f, que são interseções completas, restritos a um germe de variedade X, entender propriedades geométricas do germe f e X e obter resultados entre os números de Hamm de f e esta extensão. 
		Meet Álgebra	https://https://meet.google.com/txy-iquh-wda	Variedades minimais de PI-álgebras Z_n-graduadas e a fatorabilidade de seus T-ideais	Sessão Temática;Álgebra	15:00	15:30	Viviane Ribeiro Tomaz da Silva (UFMG)	Em 2003, Giambruno e Zaicev estabeleceram resultados interessantes relacionando variedades minimais de um dado PI-expoente e a fatorabilidade de seus T-ideais. Nesta palestra, lidaremos com variedades de PI-álgebras graduadas por grupos cíclicos finitos e apresentaremos alguns resultados recentes sobre a minimalidade destas variedades e a fatorabilidade de suas identidades polinomiais graduadas.
			https://meet.google.com/txy-iquh-wda	O invariante de Hasse-Witt para curvas do tipo Fermat	Sessão Temática;Álgebra	15:30	16:00	Herivelto Martins Borges Filho (ICMC-USP)	Seja X uma curva projetiva não singular de gênero g > 0, definida sobre um corpo algebricamente fechado de característica p > 0. Propriedades aritméticas e geométricas de X são frequentemente codificadas em seus invariantes birracionais, alguns dos quais são o gênero, o grupo de automorfismo e o p-posto. Este último é o inteiro em {0,1, ..., g} que corresponde ao número de cópias do grupo de ordem p no jacobiano de X, ou equivalentemente, o número de p-extensões abelianas não ramificadas independentes do corpo  de funçōes de X.  O estudo do p-rank é fundamental para uma série de problemas relacionados à classificação de curvas sobre corpos finitos. Por exemplo, é bem conhecido que curvas muitos automorfismos têm  p-posto zero. Por outro lado, uma conjectura de Guralnick e Zieve afirma que se X é ordinária,  então o grupo de automorfimos de X não pode ser muito grande. Outros tópicos importantes, como curvas que atingem a cota de Hasse-Weil, podem ser naturalmente ligados ao estudo do p-rank.  Nesta palestra, discutimos alguns problemas e resultados recentes sobre a caracterização do p-rank de certas famílias de curvas. Em particular, mostraremos como se pode facilmente determinar  o p-posto de curvas do tipo Fermat. Além disso, apresentaremos e discutiremos alguns desafios combinatórios intrinsecamente relacionados à nossa abordagem e resultados.
			https://meet.google.com/txy-iquh-wda	Álgebras de Incidência	Sessão Temática;Álgebra	16:00	16:30	Ednei Aparecido Santulo Júnior (UEM)	As álgebras de incidência de um conjunto parcialmente ordenado X foram primeiramente introduzidas por Rota e Stanley, na década de 1960, em um contexto combinatório relacionado com a inversão da aplicação de Möbius. Desde então, essa classe de álgebras têm se mostrado uma generalização interessante e bem comportada das álgebras de matrizes triangulares. Um problema clássico dessa teoria é o problema do isomorfismo, no qual são estudadas condições que devem ser satisfeitas por X e pelo anel R sobre o qual a álgebra está definida para que o isomorfismo entre duas R-álgebras de incidência implique o isomorfismo entre os respectivos conjuntos parcialmente ordenados. Nesta apresentação, além de introduzirmos esses assuntos, exibiremos alguns resultados envolvendo involuções, graduações, involuções invertendo graduação e automorfismos de Lie de tais álgebras
		Meet EDP-LEE	https://meet.google.com/hqp-vnhe-nsv	Multi-Layers operators on rough domains and boundary value problems	Sessão Temática; EDP-LEE	15:00	15:30	Gustavo Hoepfner (UFSCar)	In this talk I will discuss Calder\'on-Zygmund theory results for multi-layer potential operators associated with homogeneous constant coefficient higher order systems in uniformly rectifiable domains in ${\mathbb{R}}^n$ and applications to Fredholm theory for boundary value problems. This is a joint work with P. Liboni (UEL-Brazil), D. Mitrea (Baylor Univ.), I. Mitrea (Temple Univ.) and M. Mitrea (Baylor Univ.). 
			https://meet.google.com/hqp-vnhe-nsv	Resolubilidade global Gevrey para uma classe de sistemas involutivos	Sessão Temática; EDP-LEE	15:30	16:00	Cleber de Medeira (UFPR)	Nesse trabalho estudamos a resolubilidade global Gevrey de uma classe de sistemas de campos vetoriais complexos definidos no toro de dimensão n+1. Apresentamos uma caracterização completa da s-resolubilidade global dessa classe em termos de propriedades diofantinas dos coeficientes e a condição (P) de Nirenberg-Treves.  
			https://meet.google.com/hqp-vnhe-nsv	Existência e regularidade de soluções periódicas para certas EDPs	Sessão Temática; EDP-LEE	16:00	16:30	Rafael Gonzalez (UEM)	Caracterizar questões de existência e regularidade de soluções periódicas para EDPs lineares através de propriedades dos coeficientes, tais como ordem de anulamento, dependência linear, conexidade de subníveis de primitivas e condições Diofantinas.
2022-08-05	sexta-feira	Zoom		Um passeio pela Otimização Contínua	Plenária	9:00	10:00	Elizabeth Wegner Karas (UFPR)	Otimização Contínua é uma área da Matemática Aplicada cujo foco de interesse reside, grosso modo, na minimização ou maximização de uma função contínua, restrita ou não a um subconjunto do seu domínio. Nesta palestra pretendemos introduzir conceitos desta área, de forma bastante geométrica, através de um passeio por aplicações e métodos computacionais.
				P7	Plenária	13:30	14:30	Liliane de Almeida Maia (UnB)	A ser enviado
				Ações da SBM, apresentação e discussão da proposta de Doutorado Profmat	Mesa Redonda	16:30	18:00	Roberto Imbuzeiro Oliveira (IMPA); Paolo Piccione (USP);Jaqueline Mesquita (UnB);Walcy Santos (UFRJ) 	A ser enviado
		Meet MC1		Sistemas dinâmicos: uma primeira visão (3/3)	Minicurso	10:30	12:00	Alexandre Tavares Baraviera (IME - UFRGS);Flávia Malta Branco (IME - UFRGS);Lucas Backes (IME - UFRGS)	O objetivo deste mini-curso é iniciar uma discussão sobre sistemas dinâmicos em nível bastante elementar. A ideia é começar discutindo um caso relativamente simples que é a dinâmica em conjuntos finitos, onde já é possível falar de conceitos básicos como órbitas periódicas e atratores, passando depois para o conjunto dos números naturais. Uma das vantagens desse contexto é que pode-se falar, num nível bastante elementar, do aspecto mensurável da dinâmica, uma vez que medidas sobre os naturais são bem fáceis de se descrever. Por outro lado a dinâmica nesse conjunto está longe de ser uma completa trivialidade: a conjectura de Collatz, também chamada de problema 3n + 1 (mais precisamente: para a função f definida sobre o conjunto dos números naturais como f(n) = 3n + 1 para n ímpar e f(n) = n/2 para n par, mostrar que a órbita periódica 1, 4, 2 é um atrator global), ainda em aberto, ilustra isso de forma bem clara e dá aos alunos um bom exemplo de uma pergunta aparentemente simples que na verdade se revela muito desafiadora. Após introduzir conceitos e ideias básicas (como atrator, órbita periódica, ω-limite) pretendemos passar a conjuntos não enumeráveis, mais especificamente explorando o espaço de sequências de um alfabeto finito (o que permite um primeiro contato com um espaço métrico mais geral) e a dinâmica do shift; por m, pretendemos exibir algo sobre dinâmica de funções denidas num intervalo da reta, estudando casos de dinâmica expansiva (nos quais é possível estabelecer uma ponte com a situação do shift) e depois fazendo um pequeno passeio pela família quadrática, onde se ilustra a noção de bifurcação.\n\n  As aulas do mini-curso serão estruturadas como segue:\n   - Aula 1: Conceitos básicos de dinâmica, ilustrados em conjuntos finitos e no conjunto dos números naturais; dinâmica no espaço das sequências {0, 1}N: o caso do shift;\n   -  Aula 2: Dinâmica num intervalo compacto da reta. Dinâmicas expansivas e os casos da tenda e da duplicação modulo 1; conexão com o shift. Dinâmica no círculo: rotações racionais e irracionais;\n   - Aula 3: Pontos fixos no intervalo: atratores locais, repulsores. A família quadrática: bifurcações, duplicação de período, o caso conjugado à tenda.
		Meet MC2		O teorema de Bernstein para superfícies mínimas (3/3)	Minicurso	10:30	12:00	Arlandson Matheus Silva Oliveira (UEPb)	Inaugurando a segunda era de ouro das superfícies mínimas, com a teoria incipiente das equações diferenciais parciais, S. Bernstein [Sur une théorème de géometrie et ses applications aux équations dérivées partielles du type elliptique, Comm. Soc. Math. Kharkov 15 (1915-17), 38-45] provou em 1914 seu famoso teorema segundo o qual os planos são as únicas superfícies mínimas dadas como gráfico de uma função real de duas variáveis reais que tem, pelo menos, até as segundas derivadas parciais contínuas. O propósito deste minicurso é apresentar a demonstração deste resultado devida a J.C.C. Nitsche [Elementary proof of Bernstein’s theorem on minimal surfaces, Ann. of Math. (2) 66 (1957), 543–544].\n\n  Referências\n   1. S. Bernstein, Sur une théorème de géometrie et ses applications aux équations dérivées partielles du type elliptique, Comm. Soc. Math. Kharkov 15 (1915-17), 38-45.\n   2. J.C.C. Nitsche, Elementary proof of Bernstein’s theorem on minimal surfaces, Ann. of Math. (2) 66 (1957), 543-544.
		Meet MC3		Uma introdução ao Cálculo Fracionário (3/3)	Minicurso	15:00	16:30	Alessio Fiscella (University of Milan-Bicocca)	Nos últimos anos, problemas e operadores fracionários foram amplamente estudados na literatura e atraíram a atenção de muitos matemáticos vindos de diferentes áreas de pesquisa. O interesse para este tipo de operadores cresceu mais e mais, graças à estrutura não local de tipo integrodifferential e à vista de várias aplicações em uma ampla gama de contextos. Na verdade, operadores fracionários aparecem em aplicações concretas em muitos campos, como otimização, finanças, transições de fase, materiais estratificados, difusão anômala, luxação de cristais, membranas semipermeáveis, propagação de chama, leis de conservação, mecânica quântica, fluxos quase geostróficos, espalhamento múltiplo, superfícies mínimas e ciência dos materiais. O objetivo deste minicurso é fornecer as ferramentas básicas para enfrentar problemas nãolineares envolvendo o p-Laplaciano fracionário. Para isso, introduziremos várias definições para os operadores e os espaços de Sobolev fracionários, possivelmente analisando as diferenças. Finalmente, veremos algumas aplicações para problemas elípticos variacionais em um ambiente nãolocal.\n\n  O minicurso será dividido em 3 partes:\n   - introdução de definições diferentes de Laplaciano fracionário;\n   - introdução dos espaços relacionados e das propriedades básicas necessárias para estudar problemas nãolineares variacionalmente;\n   - análise das propriedades, com pelo menos uma aplicação.\n\n  Referências\n   1. R. A. Adams, Sobolev Spaces, Academic Press, New York (1975).\n   2. L. Brasco, E. Parini and M. Squassina, Stability of variational eigenvalues for the fractional p-Laplacian, Discrete Contin. Dyn. Syst. 36, no. 4, 1813-1845 (2016).\n   3. E. Di Nezza, G. Palatucci and E. Valdinoci, Hitchhiker’s guide to the fractional Sobolev spaces, Bull. Sci. Math. 136, no. 5, 521-573 (2012).\n   4. A. Fiscella, R. Servadei and E. Valdinoci, Density properties for fractional Sobolev spaces, Ann. Acad. Sci. Fenn. Math. 40, no. 1, 235-253 (2015).\n   5. G. Molica Bisci, V. D. Radulescu and R. Servadei, Variational methods for nonlocal fractional problems, Encyclopedia of Mathematics and its Applications, Vol. 162, Cambridge University Press, Cambridge (2016).\n   6. R. Servadei and E. Valdinoci, On the spectrum of two different fractional operators, Proc. Roy. Soc. Edinburgh Sect. A 144 , no. 4, 831-855 (2014).
		Meet MC4		Introdução à Geometria de Distâncias (3/3)	Minicurso	15:00	16:30	Douglas Soares Gonçalves (UFSC)	O problema fundamental em Geometria de Distâncias consiste em determinar a posição de objetos em um certo espaço Euclidiano de dimensão apropriada a partir de uma lista incompleta de distâncias entre pares destes objetos. Neste minicurso estudaremos alguns aspectos teóricos e algoritmos para resolver classes específicas do problema, que ocorrem em aplicações como localização de sensores em rede, ou na determinação da estrutura 3D de proteínas.\n\n  Referência: https://proceedings.science/series/23/proceedings_non_indexed/94
		Meet Singularidades	https://meet.google.com/zvt-eogy-ong	On Deformations of Isolated Singularity Functions	Sessão Temática; Teoria de Singularidades	15:00	15:30	Miriam da Silva Pereira (UFPb)	We study multi-parameters deformations of isolated singularity functiongerms on either a subanalytic set or a complex analytic spaces. We prove that if such a deformation has no coalescing of singular points, then it has a constant topological type. This extends some classical results due to Lê & Ramanujam (1976) and Parusínski (1999), as well as a recent result due to Jesus-Almeida and the first author. It also provides a sufficient condition for a one-parameter family of complex isolated singularity surfaces in C^3 to have a constant topological type. On the other hand, for complex isolated singularity families defined on an isolated determinantal singularity, we prove that µ-constancy implies a constant topological type.
			https://meet.google.com/zvt-eogy-ong	Sobre Singularidades Quase Ordinárias	Sessão Temática; Teoria de Singularidades	15:30	16:00	Rafael Afonso Barbosa (UFMS)	Nesta palestra vamos abordar uma categoria de hipersuperfícies que possuem algumas propriedades que são generalizações das curvas planas: hipersuperfícies quase ordinárias. Apresentaremos uma construção que permite descrever uma hipersuperfície quase ordinária particular a partir de uma hipersuperfície quase ordinária mergulhada em um espaço de dimensão menor, exploraremos relações entre seus invariantes e mostraremos que tal construção é sensível por mudanças de coordenadas.
			https://meet.google.com/zvt-eogy-ong	The Nash modification of parametrized singular surfaces	Sessão Temática; Teoria de Singularidades	16:00	16:30	Nivaldo de Góes Grulha Júnior (USP-São Carlos)	In this work, we show that, under certain conditions, the Nash Modification of a singular surface parameterized by a corank one application is smooth. 
		Meet Códigos	https://meet.google.com/xsy-crcv-vpt	Códigos coloridos hiperbólicos, com ou sem fronteiras.	Sessão Temática;Códigos	15:00	15:30	Waldir Silva Soares Junior (UTFPR-PB)	Os códigos coloridos foram introduzidos no ano de 2007 em um artigo chamado Topological Quantum Distillation, escrito por Bombim e Martin-Delgado. Neste artigo, são apresentados dois tipos de códigos coloridos, sendo um no toro, que codifica 2 qubits e outro em um triângulo com fronteiras de três cores diferentes que codifica apenas um qubit. Nossos estudos levaram a algumas generalizações desses códigos apresentados, em duas delas, em particular, fazendo uso da geometria hiperbólica. Vamos apresentar alguns dos resultados obtidos tanto para superfícies compactas sem bordo quanto para superfícies planas com bordo, comparando os parâmetros obtidos por tais códigos com outros presentes na literatura.
			https://meet.google.com/xsy-crcv-vpt	Critério de Busca para STC em canais MIMO	Sessão Temática;Códigos	15:30	16:00	Carlos Alexandre Ribeiro Martins (UTFPR-PB)	Apresentamos um novo critério de busca para códigos espaço-temporais em canais de comunicação multiantena. Este critério tem como objetivo minimizar a probabilidade de erro par-a-par do decodificador de máxima-verossimilhança, munido da norma espectral de matrizes. 
			https://meet.google.com/xsy-crcv-vpt	Códigos Geometricamente Uniformes e Particionamentos Ungerboeck em g-Toros	Sessão Temática;Códigos	16:00	16:30	Eduardo Michel Vieira Gomes (UTFPR)	 Códigos Geometricamente Uniformes e Particionamentos Ungerboeck em g-Toros
		Meet Álgebra	https://meet.google.com/txy-iquh-wda	Homomorfismos de anéis graduados em anéis com divisão graduados	Sessão Temática;Álgebra	15:00	15:30	Javier Sánchez Serdà (IME-USP)	Seja R um anel com elemento identidade e D um anel com divisão. Dado um homomorfismo de anéis f:R-->D, este induz um homomorfismo entre os respectivos anéis de matrizes quadradas de tamanho n.  O núcleo singular de f é o conjunto de matrizes quadradas (de qualquer tamanho) que são enviadas em matrizes singulares (i.e. não invertíveis) pelo homomorfismo f.  Paul M. Cohn caracterizou os conjuntos de matrizes quadradas que aparecem como núcleos singulares e mostrou que, a menos de isomorfismo, os núcleos singulares caracterizam os diferentes homomorfismos de R em anéis com divisão.  Neste trabalho, mostramos que esta caracterização pode ser implementada no contexto de anéis graduados. Mais precisamente, dado um anel R graduado por um grupo G, adaptamos a teoria de Cohn para determinar os diferentes homomorfismos de anéis graduados de R em anéis com divisão G-graduados. 
			https://meet.google.com/txy-iquh-wda	Sobre o duplo de Drinfeld da plano de Jordan restrita em característica 2	Sessão Temática;Álgebra	15:30	16:00	Daiana Aparecida da Silva Flores (UFSM)	 O objetivo desta palestra é apresentar os módulos simples do duplo de Drinfeld da plano de Jordan restrita em característica 2. Este é um dos problemas tratados em um trabalho que está sendo desenvolvido em colaboração com os professores Nicolás Andruskiewitsch da Universidad Nacional de Córdoba, Dirceu Bagio da Universidade Federal de Santa Catarina e Saradia Della Flora da Universidade Federal de Santa Maria.
			https://meet.google.com/txy-iquh-wda	Quadrado tensorial não abeliano de p-grupos	Sessão Temática;Álgebra	16:00	16:30	Raimundo de Araújo Bastos Júnior (UNB)	Apresentação consiste em mostrar os avanços recentes (e as estratégias adotadas) para o cálculo do expoente do quadrado tensorial não abeliano de p-grupos. 